#Redirect subdomains
https://cesacre.communityinclusion.org/*    https://communityinclusion.org/cesacre/:splat 301!
http://www.consulting.communityinclusion.org/PE https://www.explorevr.org/progressive-employment
http://dev.communityinclusion.org/*   https://dev--icibeta.netlify.app/:splat 301!
http://intranet.communityinclusion.org/*   https://liveumb.sharepoint.com/sites/SGISDIntranet/:splat 301!
https://intranet.communityinclusion.org/*   https://liveumb.sharepoint.com/sites/SGISDIntranet/:splat 301!

/fellowships/crocker /about/fellowships/crocker
/fellowships/gopen /about/fellowships/gopen
/champps https://champs.communityinclusion.org
/intranet https://liveumb.sharepoint.com/sites/SGISDIntranet/
/ici https://liveumb.sharepoint.com/sites/SGISDIntranet/
/index.php https://communityinclusion.org/
/inspiringindependence https://inspiringindependence.communityinclusion.org/
/teams https://teams.communityinclusion.org
/employmentservices https://employmentservices.communityinclusion.org
/schooldays https://www.communityinclusion.org/search/?q=
/crocker-2024 /pdf/crocker_flyer_2024_R.pdf
/gopen-2024 /pdf/gopen_flyer_2024_R.pdf
/files/cle-toolkit/guideposts_assessment_22.pdf /files/cle-toolkit/guideposts_assessment.pdf
/areas-of-emphasis/* /about/areas-of-emphasis/:splat
/projects/cle/ https://cletoolkit.communityinclusion.org/ 301!
/cle/ https://cletoolkit.communityinclusion.org/ 301!
/cle/*  https://cletoolkit.communityinclusion.org/:splat
/projects/cle/*  https://cletoolkit.communityinclusion.org/:splat

# Publications


/article.php?article_id=213 /about/what-we-mean-when-we-talk-about-inclusion
/article.php?article_id=251 /pdf/networkingmanual_F.pdf
/pdf/TO31_F.pdf /pdf/TO31_F_R.pdf

# General Redirects
/ces/   /onlinelearning/ces/
/cesil/ /onlinelearning/ces/
/cesacre/   /onlinelearning/cesacre/
/pdf/* /:splat
/word/* /:splat
/staff.php /about/staff-directory 
/article.php /news
/project.php /projects
/onestop/* https://communityinclusion.org/



